[
    {
        "id": 1,
        "name": "Syla",
        "symbol": "S",
        "bonusHealth": 25,
        "stats": {
            "strength": 20,
            "speed": 24,
            "stamina": 18,
            "intellect": 25,
            "agility": 30
        },
        "spellIdList": [1, 3, 6, 7, 9, 11, 13, 14],
        "itemIdList": [2]
    },
    {
        "id": 2,
        "name": "Marcus",
        "symbol": "M",
        "stats": {
            "strength": 20,
            "speed": 30,
            "stamina": 18,
            "intellect": 25,
            "agility": 30
        },
        "spellIdList": [1, 2, 3, 4, 5, 6, 9, 15]
    },
    {
        "id": 3,
        "name": "Skeleton",
        "symbol": "K",
        "stats": {
            "strength": 15,
            "speed": 10,
            "stamina": 18,
            "intellect": 25,
            "agility": 30
        }
    },
    {
        "id": 4,
        "name": "Skeleton Priest",
        "symbol": "P",
        "stats": {
            "strength": 15,
            "speed": 8,
            "stamina": 15,
            "intellect": 30,
            "agility": 15
        },
        "spellIdList": [12]
    }
]