[
    {
        "name": "Frostbolt",
        "id": 1,
        "description": "Hurls a bolt of ice at the target.",
        "categoryId": 1,
        "targetPositions": [2, 4, 5, 6, 8],
        "statusIds": [2],
        "damage": {"frost": 25},
        "damageStatModifier": {"intellect": {"frost": 2}},
        "canTargetThroughUnits": true,
        "canSwitchTargetPosition": true
    },
    {
        "name": "Fireball",
        "id": 2,
        "description": "Hurls a large ball of fire that explodes at an area.",
        "categoryId": 2,
        "targetPositions": [1, 3, 7, 9],
        "statusIds": [1],
        "damage": {"fire": 45},
        "damageStatModifier": {"intellect": {"fire": 2}},
        "canTargetThroughUnits": true,
        "canSwitchTargetPosition": true
    },
    {
        "name": "Shadow Nova",
        "id": 3,
        "description": "Erupts in dark power, causing a wave of darkness to ripple outwards.",
        "categoryId": 3,
        "targetPositions": [4, 5, 6],
        "damage": {"shadow": 30},
        "damageStatModifier": {"intellect": {"shadow": 2}},
        "canTargetThroughUnits": true,
        "canSwitchTargetPosition": true
    },
    {
        "name": "Lightning Bolt",
        "id": 4,
        "description": "Calls down a bolt of lightning from the sky, striking your target.",
        "categoryId": 4,
        "targetPositions": [5, 10, 11, 12, 13, 14, 15, 16, 17, 18],
        "damage": {"lightning": 45},
        "damageStatModifier": {"intellect": {"lightning": 3}},
        "canTargetThroughUnits": true,
        "canSwitchTargetPosition": false
    },
    {
        "name": "Boulder Lob",
        "id": 5,
        "description": "Hurls a massive boulder at your enemies.",
        "categoryId": 5,
        "targetPositions": [1, 3, 7, 9],
        "damage": {"physical": 45},
        "damageStatModifier": {"intellect": {"physical": 2}},
        "canTargetThroughUnits": true,
        "canSwitchTargetPosition": true
    },
    {
        "name": "Shriek",
        "id": 6,
        "description": "Lets loose a deafening cry, striking terror into your enemies.",
        "categoryId": 3,
        "targetPositions": [1, 3, 7, 9],
        "damage": {"shadow": 20},
        "damageStatModifier": {"intellect": {"shadow": 1}},
        "canTargetThroughUnits": true,
        "canSwitchTargetPosition": true
    },
    {
        "name": "Death Nova",
        "id": 7,
        "description": "Radiates an aura of concentrated dark power.",
        "categoryId": 3,
        "targetPositions": [4, 5, 6],
        "damage": { "shadow": 45 },
        "damageStatModifier": {"intellect": {"shadow": 3}},
        "canTargetThroughUnits": true,
        "canSwitchTargetPosition": true
    },
    {
        "name": "Prisma Bolt",
        "id": 8,
        "description": "Lobs a bolt of arcane energy.",
        "categoryId": 6,
        "targetPositions": [5, 10, 11, 12, 13, 14, 15, 16, 17, 18],
        "damage": {
            "fire": 5,
            "frost": 5,
            "lightning": 5
        },
        "damageStatModifier": 
        {
            "intellect": 
            {
                "frost": 1,
                "fire": 1,
                "lightning": 1
            }
        },
        "canTargetThroughUnits": true,
        "canSwitchTargetPosition": false
    },
    {
        "name": "Disrupting Wave",
        "id": 9,
        "description": "Emits a wave of disrupting arcane power.",
        "categoryId": 6,
        "targetPositions": [1, 5, 9],
        "centerOfTargetsPosition": 5,
        "damage": {
            "fire": 2,
            "frost": 2,
            "lightning": 2
        },
        "damageStatModifier": 
        {
            "intellect": 
            {
                "frost": 1,
                "fire": 1,
                "lightning": 1
            }
        },
        "canTargetThroughUnits": false,
        "canSwitchTargetPosition": true
    },
    {
        "name": "Potion",
        "id": 10,
        "description": "Heals a target.",
        "categoryId": 7,
        "targetPositions": [5],
        "centerOfTargetsPosition": 5,
        "healAmount": 50,
        "canTargetThroughUnits": false,
        "canSwitchTargetPosition": true
    },
    {
        "name": "Meteor",
        "id": 11,
        "description": "Conjures a massive ball of fire to rain down from the sky.",
        "categoryId": 2,
        "targetPositions": [1, 2, 3, 4, 5, 6, 7, 8, 9],
        "statusIds": [1],
        "damage": {"fire": 100},
        "damageStatModifier": {"intellect": {"fire": 4}},
        "delay": 1,
        "canTargetThroughUnits": true,
        "canSwitchTargetPosition": true
    },
    {
        "name": "Healing Cloud",
        "id": 12,
        "description": "Cloaks all allies in a pool of mist that heals their wounds.",
        "categoryId": 8,
        "targetPositions": [1, 2, 4, 5],
        "centerOfTargetsPosition": 4,
        "healAmount" : 25,
        "healStatModifier": {"intellect": 2},
        "canTargetThroughUnits": true,
        "canSwitchTargetPosition": true
    },
    {
        "name": "Blessing of Haste",
        "id": 13,
        "description": "Blesses a target character with divine speed.",
        "categoryId": 9,
        "targetPositions": [5],
        "centerOfTargetsPosition": 5,
        "statusIds": [3],
        "canTargetThroughUnits": true,
        "canSwitchTargetPosition": true
    },
    {
        "name": "Ice Shard",
        "id": 14,
        "description": "Hurls a shard of ice at the target.",
        "categoryId": 1,
        "targetPositions": [5],
        "centerOfTargetsPosition": 5,
        "damage": {"frost": 10},
        "damageStatModifier": {"intellect": {"frost": 3}},
        "canTargetThroughUnits": true,
        "canSwitchTargetPosition": true
    },
    {
        "name": "Frostfire Bolt",
        "id": 15,
        "description": "Hurls a bolt of ice and fire at the target, simulataneously chilling and burning it.",
        "categoryId": 1,
        "targetPositions": [5],
        "centerOfTargetsPosition": 5,
        "damage": {"frost": 10, "fire": 10},
        "damageStatModifier": {"intellect": {"frost": 2, "fire": 2}},
        "statusIds": [1, 2],
        "canTargetThroughUnits": true,
        "canSwitchTargetPosition": true
    }
]